OrganizationName,Email,Phone
"Simon, Curry and Turner","simon,curryandturner@yahoo.com",854.576.9302x6028
Peters-Chavez,peters-chavez@yahoo.com,001-786-797-5715x89638
Flores-King,flores-king@yahoo.com,(797)572-3499
"Lowery, Hernandez and Dunlap","lowery,hernandezanddunlap@gmail.com",873.846.4204x90289
Fernandez-Barron,fernandez-barron@yahoo.com,001-835-776-5732x1759
Estrada-Randall,estrada-randall@hotmail.com,(490)409-6424
Gardner-Rojas,gardner-rojas@gmail.com,381-225-5684
Powell-Anderson,powell-anderson@hotmail.com,001-386-317-7684x1818
Thompson LLC,thompsonllc@yahoo.com,509.689.8829x260
"Stokes, Richardson and Fischer","stokes,richardsonandfischer@yahoo.com",850-752-9032x514
Murphy and Sons,murphyandsons@hotmail.com,(404)503-5449x5621
Hutchinson-Smith,hutchinson-smith@gmail.com,313.480.4227x6461
Lopez Ltd,lopezltd@hotmail.com,+1-406-591-6549
"Davis, Williams and Hernandez","davis,williamsandhernandez@hotmail.com",+1-441-344-5128x69894
Payne PLC,payneplc@hotmail.com,+1-480-423-9547x739
Brown-Blanchard,brown-blanchard@gmail.com,001-538-397-6804
"Morales, Petersen and Wheeler","morales,petersenandwheeler@yahoo.com",392.537.2455x9001
"Robinson, Walker and Gutierrez","robinson,walkerandgutierrez@hotmail.com",001-281-719-6849x650
Gordon-Jarvis,gordon-jarvis@yahoo.com,+1-997-607-8634x8347
Mcpherson-Kramer,mcpherson-kramer@gmail.com,001-808-540-3941x56685
