OrganizerID,OrganizerName,ContactEmail,ContactPhone
1,Barr PLC,stevencurtis@hotmail.com,(370)844-9835x295
2,Herrera-Gomez,jennifer60@bell-johnson.net,+1-387-960-1139x902
3,Baird-Krause,hailey45@huynh.biz,270.496.3272x19406
4,Evans-Blake,simmonssusan@yahoo.com,9871247191
5,"Hayes, Rivera and Roberts",joannlopez@alexander-soto.biz,001-966-586-6521x35566
6,"Schaefer, Carter and Wright",megan75@adkins.com,(865)906-4723x074
7,Ward-Watts,melissabarnes@gmail.com,+1-175-590-4536
8,Scott-Floyd,wrodriguez@yahoo.com,(463)670-4047
9,Barrera-Burns,mrodriguez@gallagher-solomon.biz,+1-183-978-5116x626
10,Howell Inc,vclark@martinez.biz,7589269889
11,Harding-Wolf,wendylewis@yahoo.com,(191)210-7041
12,"Estrada, White and Lam",richard72@hamilton.com,001-512-122-9358x178
13,Simpson Inc,munozkathryn@gmail.com,0111954519
14,Gonzalez-Liu,robinsondenise@hotmail.com,668-869-9423x008
15,"Vargas, Davis and Mckee",uboyle@gray.com,953-686-1643
16,Diaz Group,santiagoeddie@yahoo.com,(452)659-2472
17,Gonzalez LLC,samuellittle@le-yu.com,481-169-2711x8227
18,Williams Group,andrewnewman@yahoo.com,(214)817-8154
19,"Nguyen, Ford and Reid",jcastaneda@goodwin.net,954-222-9649x21625
20,Duran LLC,lunamary@hotmail.com,(981)312-8759
21,"Clark, Martin and Collins",anthonyhoward@gmail.com,7129784727
22,Powers-White,adkinswilliam@maxwell.com,+1-678-236-1133x494
23,Bennett-Duarte,jordanryan@yahoo.com,001-829-020-5878x5241
24,"Nolan, Lewis and Fischer",klopez@goodman-ryan.info,+1-394-629-0142x97705
25,Henderson LLC,christensentina@brown.info,001-085-274-6234x66935
26,Baker Inc,csimpson@yahoo.com,(430)610-5581x8079
27,Rose and Sons,alexanderrhonda@hernandez.com,(585)235-1008x147
28,Lane and Sons,martinezann@yahoo.com,154-184-6004x132
29,"Nguyen, Robinson and Sutton",james13@humphrey-santos.com,+1-573-441-1036x885
30,Hogan and Sons,shampton@yahoo.com,+1-306-575-3696x1344
31,Torres and Sons,hopkinsbrandi@gmail.com,5315038487
32,"Vega, Lambert and Middleton",tsherman@yates.com,0521279588
33,"Miller, Fernandez and Yates",savannahaustin@gmail.com,001-595-199-5480x60094
34,"Hawkins, Boyd and Johnson",jensenheather@gmail.com,(897)216-5523x31475
35,"Wiley, Travis and Leon",rowens@coffey.org,+1-710-260-9915x00105
36,"Castillo, Avila and Johnson",lawsonjonathan@yahoo.com,+1-054-754-0203x90020
37,"Clayton, Lee and Cohen",amberirwin@hotmail.com,176-392-9854
38,"Ward, Rodriguez and Nicholson",patelmegan@roberts.com,(026)871-7250x44988
39,"Ayala, Carroll and Robinson",johnporter@brown.com,+1-838-120-4227
40,West LLC,jeremysanchez@gmail.com,(427)805-0660x7777
41,Young-Hines,craigbass@hotmail.com,314.262.7266
42,"Moss, Mullins and King",billrodriguez@white.info,367.589.4904
43,Smith-Marshall,zking@garrison.com,1176112243
44,Robertson and Sons,adammartinez@gmail.com,968-256-0812
45,Paul-Freeman,gregorydaniel@cabrera.com,001-829-371-0363
46,Lawrence and Sons,danielcarpenter@finley.org,(740)695-1777x7947
47,Moore-Owens,jennifer02@lawrence.com,+1-325-299-3038x83695
48,Williams LLC,ralexander@jenkins.com,+1-516-218-5041x77209
49,Gomez Inc,joshuawilliams@robinson-rich.com,797-930-8216x871
50,"Henry, Thornton and Frey",oholmes@cook-smith.com,001-710-713-5801x8333
51,Ball and Sons,tarapratt@clark.com,+1-005-802-8352x384
52,"Wang, Lewis and Jenkins",harrisdanielle@gmail.com,(039)167-4259x336
53,"Castillo, Sparks and Caldwell",thomasgibson@hotmail.com,009.206.1646x0090
54,Dougherty-Bradley,raymond39@gill.com,(630)607-1255x47820
55,"Kelly, Maldonado and Brown",angelawilliams@yahoo.com,115-554-6454
56,Anderson-Smith,dallen@hotmail.com,(047)052-7498x712
57,Morris-Rose,nicolejones@yahoo.com,182.507.5193
58,"Larson, Manning and Jones",mayerashley@ross-francis.com,+1-205-793-7070x72144
59,Fischer Ltd,psanders@abbott.info,+1-872-034-5214x04307
60,"Barton, Baxter and Johnston",trevorweeks@brown.com,238.183.8657x08793
61,Mann-Morris,hurleyrobert@harper.biz,8316822644
62,"Grant, Stevens and Parker",antonio01@gmail.com,001-042-567-9683x31436
63,Cook and Sons,hornetyler@yahoo.com,220.065.9477x655
64,"Owens, Carpenter and Mcgee",charles24@gmail.com,747.637.3266x4643
65,"Evans, Torres and Anderson",ashley04@hansen-mayer.com,(276)019-4074x25896
66,"Galvan, Andrews and Hopkins",lisawashington@yahoo.com,845.710.0290x25781
67,Hill-Davis,alexandermurillo@gardner-boyd.com,1629548530
68,Diaz Group,whitneythomas@yahoo.com,(114)331-2915
69,Gill Inc,stephen84@mcneil.com,911-721-4601
70,Matthews-Vincent,garrettconnie@yahoo.com,360-993-9211x805
71,Jones-Hansen,mendozadenise@velez.com,3418886198
72,"Hughes, Hensley and Davis",michael43@hancock-jackson.net,+1-757-849-1157x91832
73,Walsh-Romero,brendasmith@gmail.com,(227)744-5999x950
74,Lee and Sons,bishopnicole@hotmail.com,(442)695-5676x16308
75,Morgan PLC,thomassandra@morrison.info,001-474-095-4274x94188
76,Anderson-Simmons,eric91@hotmail.com,534.533.1736x71855
77,"Shaw, Parker and Wright",jefffitzpatrick@bowen-walsh.net,465-173-1290
78,"Sandoval, Murillo and Trujillo",fjohnson@gmail.com,001-130-148-9906
79,Morris-Diaz,ellisonryan@hotmail.com,094-882-2530
80,"Lynch, Phelps and Whitehead",mitchell37@gmail.com,001-664-988-2042
81,Jenkins-Lawson,jchen@hotmail.com,676-908-0658
82,Vasquez Inc,larry68@kelly.com,734.188.3735x4362
83,"Carroll, Brown and Rodriguez",travis75@garcia.com,801-505-8168x490
84,Garcia-Herrera,vhunter@smith.net,515-515-1677
85,Harvey-Charles,qtaylor@yahoo.com,321-415-9812x155
86,Lyons-Spence,chelseasutton@miller-rojas.info,001-042-673-6068x1861
87,Turner-Cook,james26@gmail.com,+1-541-515-4610
88,"Harrington, Wang and Mcdonald",ehall@yahoo.com,+1-349-097-1686
89,Phillips-Cox,melissa68@yahoo.com,106.581.3898x52334
90,"Haynes, Ferguson and Johnson",bhays@kim.org,444.814.7883x3990
91,Williams Inc,sthomas@parks.com,359.924.9585
92,Clark Ltd,burkejohn@simmons.com,583-029-7895
93,Garner-Gilbert,parcher@yahoo.com,495.446.5743x673
94,"Taylor, Christensen and Robbins",whitemichael@gmail.com,+1-032-535-0871
95,Nelson Group,kwalters@yahoo.com,001-568-465-5250x49081
96,Walker-Gamble,alexandertony@gmail.com,(890)261-7350
97,Doyle Ltd,vmcmillan@johnson.com,223.047.9815x5058
98,Schneider PLC,marcsmith@yahoo.com,(019)669-6404x48082
99,Long-Haley,benjaminserrano@bush.org,+1-392-641-9759x34781
100,Hart-Reed,jenniferdominguez@hawkins.info,254-761-5903
101,"Hood, Andrews and Long",fbell@yahoo.com,578.271.4617x863
102,"Taylor, Gonzalez and Garrett",carolsexton@mcintyre.com,001-116-596-1819x3165
103,"Lopez, Davis and Campbell",larryjackson@lewis-moss.net,073.770.4649x082
104,Daniel-Barry,morrisalvin@yahoo.com,001-354-752-5161x999
105,"Hoover, Dalton and Martin",aprilelliott@pennington.net,+1-148-913-2252x4455
106,"Perez, Taylor and Rosales",powersalex@kennedy.com,849.690.6181x2487
107,"Morse, Wright and Mccoy",rroberts@garcia.com,004-556-3484x47005
108,"Hayes, Hernandez and Myers",fisherstephanie@hotmail.com,519-535-6136
109,Ochoa and Sons,hernandezalexis@hotmail.com,331.827.8356x67824
110,Henderson Ltd,powellanna@taylor.com,126-325-9671
111,"Ford, Cruz and West",linda70@snyder.com,883-850-1527
112,Jacobson-Gray,ssantana@jenkins.com,(764)426-8313x76748
113,Michael Inc,dlynch@gmail.com,317-557-1674x9733
114,Myers Group,vburnett@johnson.org,(365)052-0227x4170
115,Tucker Group,wjohnson@gmail.com,511.845.3944
116,"Savage, Davidson and Everett",beasleycarmen@hotmail.com,599-788-5079x7897
117,Stevens-Wyatt,laura90@yahoo.com,213.011.8921x77362
118,Keller-Morgan,colleenfowler@chandler.com,(052)708-2176x662
119,Jones-Nelson,sandra12@snyder-watson.info,4398757438
120,Blackwell-Ross,steven03@francis.com,950.869.9906
121,Quinn-Hernandez,jasonbennett@koch.com,641.081.8286
122,Mcclure and Sons,taylorbilly@elliott.com,+1-729-992-2439x1717
123,"Orr, Kerr and Smith",williamsrobert@gmail.com,001-482-612-2307x98186
124,"Shelton, Huerta and Spence",youngsusan@gmail.com,2845669046
125,Johnson Inc,olarson@gmail.com,822.697.3302
126,Williamson-Garner,thudson@yahoo.com,+1-023-839-6807x63800
127,Ball-Baker,stephendowns@carey-lawson.info,018-275-3725x1217
128,Gould-Ortiz,xgillespie@nelson.biz,008.931.4618x2981
129,"Schultz, Diaz and Lee",dklein@hotmail.com,152-077-3517
130,Madden Group,trodriguez@gilbert-hill.com,140-724-7849
131,Thomas Ltd,garciarichard@hotmail.com,+1-519-485-8701x8413
132,Skinner-Rojas,ismith@hotmail.com,511.967.8774x927
133,Booker-Mitchell,joseph41@gmail.com,492-133-0229
134,"Frye, Smith and Scott",brian79@gmail.com,(394)593-8692x00250
135,"Valdez, White and Herrera",pmcgrath@hotmail.com,333-498-1851x7989
136,Mcguire Inc,byrdamber@diaz.com,092-023-3988
137,Adams-Spencer,gregory59@griffin.biz,058.605.9172x10770
138,"Montgomery, Murray and Green",brownthomas@hotmail.com,7753407175
139,"Hughes, Lee and Kemp",aschultz@gmail.com,(984)891-6021
140,Green-Adams,emily19@barnett.net,954-634-6722x139
141,Parker Inc,ltaylor@yahoo.com,096.032.7148x49468
142,Russell Ltd,rebeccacoleman@ross.com,001-278-745-8918
143,Morris and Sons,penny66@gmail.com,686-013-8552x27338
144,Olson-Smith,trevinoamanda@long-gibson.com,193.813.7530x206
145,Thompson PLC,krameralice@hotmail.com,+1-553-842-3787x71749
146,"Perez, Williams and Lang",moraerik@gmail.com,001-233-189-5148x112
147,Hayes-Melendez,brownapril@yahoo.com,(611)651-5403
148,"Lloyd, Carney and Lewis",omurphy@gmail.com,740.965.4302
149,Pena LLC,bradley60@stevenson.biz,(044)427-1248
150,Arias-Davis,mcgrathkarina@hotmail.com,5232224288
151,Miller-Schmitt,jill55@williams.biz,001-370-057-9034x640
152,Butler-Carter,daniellewis@gmail.com,001-175-808-7151x413
153,Ochoa-Curtis,deanna98@klein-grant.info,483.744.4187x635
154,"Chen, Foster and Weeks",jeremiahwilson@hotmail.com,261.003.2153x3780
155,"Cortez, Myers and Perez",matthew07@gmail.com,633-055-4158
156,"Ferguson, Castaneda and Estrada",tamarawoods@gmail.com,(811)354-0525x46619
157,Ryan PLC,richard58@ryan.com,936-047-6358
158,Henry Group,scott66@gmail.com,(933)300-5543
159,Johnson Group,mgarcia@hammond.com,057.187.1334x1374
160,Sutton and Sons,jasonburns@nguyen-ballard.biz,(392)661-4455x50302
161,Collins PLC,ytaylor@gmail.com,(991)236-4840x5563
162,Sheppard PLC,nicolelynch@hotmail.com,064-791-8844x52139
163,Buckley Ltd,trusso@yahoo.com,933-032-8446
164,Edwards-Miller,anthony20@hotmail.com,299.195.0354x1650
165,Livingston Group,williamsjessica@yahoo.com,(518)890-2284x5964
166,Lane and Sons,gsparks@rowe.info,629.191.3235x58026
167,Jackson-Chen,joelhernandez@hodges.biz,+1-961-957-3742
168,"Ferrell, Brown and Gonzalez",crivera@yahoo.com,767-369-8373x511
169,Johnson-Grimes,jonestimothy@white.com,001-136-704-9500x711
170,"Malone, George and Hill",alex49@hernandez.com,+1-359-418-2228
171,Tran and Sons,hernandeztommy@bell.net,(403)315-1014x019
172,"Brown, Nelson and Roberts",agutierrez@gmail.com,305-868-6677
173,Wagner-Hammond,jacqueline54@hotmail.com,+1-515-386-5907x811
174,Meyer-Owens,gthompson@jensen.biz,123.555.2987x549
175,Jackson-Morgan,rodney13@yahoo.com,834.030.6157
176,"Thompson, Harris and Garcia",michael65@yahoo.com,706.647.4212
177,Mcmahon Ltd,hsanchez@gmail.com,001-342-055-3459x456
178,Glover and Sons,greeneroger@gmail.com,531.387.8270x88696
179,Mathis-Williams,joseph05@anderson-hernandez.biz,624-065-6660x755
180,"Dickerson, Farmer and Waters",andrew67@jones.org,786-577-9603
181,Collins-Smith,qkim@hotmail.com,901.215.2529
182,Pierce-Jones,watsonmichael@perez.net,723-642-0441x339
183,"Duncan, Evans and Alvarez",marvin07@edwards.biz,(878)114-1215
184,"Mckee, Garza and Green",kevinglenn@yahoo.com,124.388.7010
185,"Allen, Liu and Beltran",perrydavid@bass-butler.info,103.034.5616x6852
186,Weber-Velasquez,amberbennett@gmail.com,722.376.3058x757
187,"Middleton, Robinson and Stewart",nicolewells@hotmail.com,665.931.8322x843
188,Diaz Inc,megansanchez@white.com,695.260.0097x11070
189,"Wright, Yoder and Bell",colleen92@gmail.com,783-641-3627x13713
190,Diaz-Heath,amanda18@gonzales.info,537-746-7920x08306
191,Reed Ltd,djames@yahoo.com,937.910.1525
192,Gray-Alvarez,whess@yahoo.com,393-434-6960
193,Young-Garcia,davidsimmons@fischer.com,001-106-429-0424x0700
194,"Vargas, James and Gregory",wblackwell@hotmail.com,7905949617
195,Fox-Mcdonald,pricejonathan@yahoo.com,(405)380-8898x2494
196,"Ramirez, Alexander and Sampson",meganwebb@miller.org,794-608-0573x1435
197,"Dougherty, Moore and Johnson",newmancody@yahoo.com,001-284-072-6642x2602
198,Vega LLC,davidcarpenter@gmail.com,937.492.0911x064
199,"Stevens, Watts and Bennett",villavictoria@gmail.com,(099)554-5915
200,Jacobs PLC,christopher76@holland.com,166-968-4597
201,Gilbert LLC,taylor63@yahoo.com,(952)508-9783x08753
202,Mora-Hansen,cassandrawilliams@cooper.org,512-076-4006
203,"Herman, Oliver and Hansen",alexandra77@coleman.com,+1-386-696-2117
204,"Young, Barber and Bell",martineric@wright.com,712-483-9675
205,Gould LLC,william80@yahoo.com,(987)608-9626x960
206,"Greene, Fuller and Brown",muellerpeter@yahoo.com,161.192.1183x541
207,"Ball, White and Harris",william27@howell.com,+1-960-401-0364x6593
208,"Franklin, Zimmerman and Smith",heatherevans@hotmail.com,001-952-596-4016
209,"Henderson, Chang and Sparks",velezjessica@cantrell.com,234.420.2791
210,Leon-Hunter,james97@hotmail.com,(760)129-7297
211,Norman Inc,usanford@holmes-hill.com,212.090.2283x036
212,"Montgomery, Moore and Farrell",mariawright@richardson.com,(230)877-7295x45980
213,Davis-Bennett,agarcia@larsen.com,782-769-8101x56431
214,Stone-Perez,wbarrett@thompson.com,991.348.9613
215,Chung-Richardson,craigphillips@yahoo.com,(761)777-9253x73391
216,"Johnson, Patel and Davis",elizabethnovak@hotmail.com,035.764.4706x68983
217,Walsh Ltd,oflowers@gmail.com,828.666.2298x91469
218,Small Inc,santanaclaudia@hotmail.com,+1-558-090-1051x393
219,Porter-Powell,christine62@simpson.com,265.851.7329x634
220,Baker-Conner,ndavis@lynch.com,001-325-505-3870x42970
221,"Hernandez, Jones and Johnson",gcrosby@delgado-gordon.net,7266295884
222,Phelps-Roth,rvaldez@gmail.com,+1-376-189-4998x201
223,"Warner, Hale and Schmitt",thomasvincent@miller.com,+1-781-516-8788x09072
224,"Mcpherson, Lloyd and Perez",gevans@gmail.com,7022805969
225,Edwards-Clark,burnsleon@hotmail.com,+1-236-757-7505x0098
226,"Fields, Mayo and Bennett",xsmith@anderson.com,+1-721-303-5839x162
227,"Clark, Thompson and Vasquez",larsontroy@carson.com,+1-388-212-2015x377
228,"Baker, Lynch and Warren",jamiewhite@oconnor.com,024.271.6594x7762
229,Peterson-Carter,jeffreyevans@farrell.com,001-757-082-5947x7204
230,Ramsey and Sons,garciahailey@yahoo.com,3360451951
231,Vargas-Martin,melissafranco@gmail.com,5601943282
232,Alvarez Group,john11@woods.com,(949)039-3340
233,Butler PLC,mramos@yahoo.com,400-739-5572x950
234,Cooper-Lewis,wtorres@yahoo.com,5706794806
235,Lucero and Sons,meyervirginia@gmail.com,428.890.3142x003
236,Watson Ltd,shortcynthia@sellers-butler.info,9830986443
237,Fletcher Ltd,lisaallen@hotmail.com,(261)500-2582
238,Mercado-Clarke,allenlamb@gmail.com,(359)072-0297x348
239,Becker-Smith,ricardo64@gmail.com,(875)426-3866x8140
240,"Taylor, Lawson and Hernandez",alejandrabutler@hinton.net,425.868.8536x9414
241,Howell PLC,olivertanya@barrett.com,+1-326-558-3779x47667
242,Green and Sons,wardjoshua@gmail.com,+1-246-333-7417x79350
243,Rodgers and Sons,pwalls@gmail.com,5273280275
244,Allen-Harris,mpruitt@yahoo.com,(604)617-2635
245,Young Inc,edwardsdavid@little.com,001-167-958-8193x91238
246,Shaffer-Perez,seanpoole@gmail.com,001-319-432-9031x50738
247,"Salazar, Richardson and Jackson",angelastanley@hotmail.com,(675)469-7233x112
248,Matthews Group,rasmussenjacob@gmail.com,+1-939-932-3453
249,"Jackson, Wilson and White",cporter@baker.com,001-753-891-4833x317
250,"Acevedo, Henry and Shepherd",balljonathan@yahoo.com,849-118-7986
251,"Schmidt, Barajas and Patterson",christinarodriguez@taylor-garcia.com,473.408.0385x343
252,"Harper, Roberts and Fleming",nedwards@gmail.com,001-832-838-5357x10428
253,Nguyen-Griffin,grantwalton@yahoo.com,276.233.0885
254,"Kim, Huffman and Gonzalez",jesushoward@simmons.net,+1-700-334-7521
255,Dennis-Duke,mallorysteele@wright.com,442.050.0062
256,Moss Group,eric32@peterson.com,058-330-6920x094
257,Kirby Ltd,nward@dennis.com,001-744-355-1572
258,Petersen Group,mramirez@miller.org,083-607-0531x740
259,"Hernandez, Jones and Schwartz",troy23@gmail.com,+1-198-271-8001x105
260,"Arroyo, Lin and Clark",qpotts@oneill.com,(898)766-5632
261,"Bishop, Peters and Ortega",davidbauer@crawford.org,+1-953-079-9299x40876
262,Perez LLC,carrillosara@perez-moore.org,640-724-2311
263,Adams-Solis,thomas07@hotmail.com,810-331-5721x178
264,Vance-Johnson,sellis@shepard-pruitt.info,9009945590
265,Thomas-Vargas,butlerjoann@parsons.com,001-295-849-4280x5372
266,Rogers-Beck,uphillips@gmail.com,152-398-7908x950
267,Little-Park,michellenelson@vazquez-kramer.com,+1-982-278-8941
268,Gray-Hall,abigail45@yahoo.com,001-109-242-2716
269,Cross-Nichols,dgray@noble.com,395-371-6288x3247
270,Nelson-Davis,derekelliott@wilson.net,001-695-177-9709x24313
271,Oconnor-Willis,rorozco@hotmail.com,+1-262-695-2170x15967
272,Richards Group,donna41@gmail.com,1552087661
273,York-Perkins,ftorres@gmail.com,001-792-804-6053x329
274,Avery-Estes,robertcook@gmail.com,659.360.0929
275,"Ramos, Rodriguez and Williams",keithmartin@smith.org,879.929.9668x564
276,"Johnson, Marshall and Ramos",mollyfranklin@yahoo.com,+1-834-128-6151
277,Pierce Inc,benjamin15@green.com,001-604-192-7070x3312
278,"Mendoza, Hernandez and Baker",christopher95@gmail.com,001-657-876-0982x307
279,"Ross, Wilson and Sandoval",ileonard@hotmail.com,001-958-135-2264x06191
280,Baker LLC,uclayton@nielsen.com,294-679-7517x141
281,Flores-Thompson,edwardsmaria@lopez-brown.biz,(051)531-3781
282,Tate Ltd,cookrobert@hotmail.com,(340)247-8413x09833
283,Allen-Sexton,marypark@gmail.com,+1-167-285-7728x9356
284,Lee-Holder,avilacorey@yahoo.com,001-336-932-1768x2405
285,Cobb-Bates,thomaswilliams@costa.com,+1-806-070-9811x80023
286,Bradley-Decker,vanessa09@johnson.com,0670048484
287,"Fowler, Kelley and Smith",jamesdonaldson@gmail.com,+1-367-273-7437
288,Cruz Inc,olivertony@gmail.com,+1-474-155-7695x72453
289,Jordan-Perkins,benderwilliam@yahoo.com,7383828731
290,Clarke-Pham,fhall@hancock.info,001-831-829-3119
291,"Murphy, Johnson and Calderon",hurstconnor@valdez.info,+1-886-227-2501
292,Graham Ltd,harrisamber@hotmail.com,(479)541-0869x6194
293,"Scott, Adams and Casey",smithalexander@hotmail.com,(810)670-5435x28301
294,Hall-Garza,rdiaz@gmail.com,+1-110-835-7278x572
295,"Pacheco, Williams and Hill",duartenicholas@hotmail.com,971.660.5771x71035
296,"Smith, Wright and Friedman",sheamelanie@yahoo.com,568-170-2747
297,"Nelson, Yates and Rice",danielrivera@gmail.com,064-235-9761x33670
298,Sanchez and Sons,rachel15@hotmail.com,709-730-2304x42628
299,Mccarthy-Wilson,robert03@hotmail.com,001-580-245-9634x4934
300,"Ramirez, Wallace and Silva",wellslawrence@wells.com,+1-371-630-5199x60279
301,"Delacruz, Cordova and Olsen",staffordtyler@gmail.com,001-327-489-8078x06470
302,"Horton, Day and Ryan",idixon@gmail.com,251.870.7757x308
303,Hunter Group,leedaniel@hill.com,549-376-9633x63089
304,Moss-Miles,danielrodriguez@gmail.com,2920989690
305,Zimmerman-Copeland,tonybrooks@smith.net,(785)796-8904
306,Guerra Ltd,bryankent@gmail.com,001-536-910-4646
307,Hunter LLC,shannonthompson@lawrence.net,3393958260
308,Smith-Campbell,kevinbutler@luna-garcia.net,964.505.6717x90589
309,Moon-Henderson,matthewbennett@gmail.com,057.577.1284x46000
310,Bradley-Harris,igarcia@hotmail.com,975.110.3972
311,Beasley LLC,jgates@gmail.com,524-029-7996x890
312,"Reynolds, Torres and Hill",nelsonkelly@hotmail.com,460.704.6195x326
313,Weber Group,danielschmidt@yahoo.com,+1-809-840-6221x515
314,"Martinez, Cortez and Nichols",parkercalvin@hotmail.com,324-046-8841
315,Jenkins LLC,khanchristopher@velasquez.biz,856.689.2147
316,Melton-Anderson,ryan38@gmail.com,274-860-5023x04826
317,Pennington LLC,gilbertzachary@gmail.com,+1-261-399-5201x740
318,Johnson and Sons,plee@hall-allen.net,752-169-4373
319,Gibson and Sons,williammccarty@gmail.com,+1-382-870-2735x6645
320,Morrison-Baxter,tmurray@stephenson-dixon.com,679-410-0751
321,Pacheco-Padilla,christopherphillips@davenport.net,362-224-0109x0453
322,"Mccarthy, Johnson and Mendoza",claudiarobertson@zamora-underwood.com,+1-387-912-7346x6357
323,Stewart LLC,bradreilly@smith.info,609-128-4667
324,Reyes-Hicks,zmoore@hotmail.com,(919)543-6861x11894
325,Mooney-Jones,wcampbell@cunningham-williams.com,(982)462-5687
326,King Group,smartinez@gmail.com,+1-802-517-2270x82579
327,Patton-Burch,tracywoods@sanchez.com,746.952.1465x18642
328,Johnson-Brown,rachelryan@boone.com,+1-678-290-2577
329,Oliver-Moreno,ronaldsoto@nelson-bell.org,164.348.1985
330,"Hudson, Thompson and Williams",johnsondeborah@gmail.com,+1-923-282-8708x462
331,Smith PLC,smithcameron@peterson.net,020-179-4248
332,"Day, Thomas and Rodgers",robert05@yahoo.com,212.541.1998
333,Solomon-Thomas,charlesclark@murphy.org,001-778-215-7038
334,Allen-Murray,tbartlett@mcclure-hebert.com,791-247-9046x20883
335,Johnson Inc,ericksonterri@hotmail.com,001-915-602-7183x9704
336,Dennis and Sons,ijones@yahoo.com,736.200.9817
337,Cox PLC,ksmith@yahoo.com,(550)459-3158x58841
338,"Jackson, Williamson and Sanchez",carolcollins@hotmail.com,(964)945-1528
339,"Mclaughlin, Cooper and Flores",craig39@rollins.com,001-385-482-9671x36760
340,Malone-Jordan,ophillips@young.com,(174)536-2824
341,Gibson-Clark,jacobrobinson@hernandez-adams.com,001-294-652-0229x3339
342,"Clark, Miller and Patel",wwillis@long.com,828-445-2224
343,Watkins-Bennett,marshallkatelyn@evans.net,101.153.5980x5139
344,"Lewis, Hart and Davis",yspencer@daniel.biz,034-260-5329x18595
345,Robinson Ltd,meganfaulkner@carroll.com,+1-281-837-5917
346,Lewis-Smith,freemanvanessa@nichols.biz,001-185-963-1398
347,"Larsen, Garcia and Baker",michael92@gmail.com,(516)066-7435
348,Whitehead Ltd,sarahstark@yahoo.com,+1-454-449-5338x0182
349,Taylor-Orr,ldavis@yahoo.com,(914)559-8116
350,Obrien PLC,clarkgrant@alexander-medina.net,525-983-4907x451
351,"Brown, Simpson and Collins",anne39@gmail.com,7009311748
352,Casey-Hunt,vickiewhite@gmail.com,+1-126-873-2531x2251
353,Allen-Whitehead,mcoleman@sloan.org,+1-517-991-0818x7079
354,Gutierrez-Palmer,mike11@hotmail.com,001-612-419-6178x39874
355,Bryant-Austin,troyrobertson@yahoo.com,028-440-5359
356,Roth LLC,smithjustin@gmail.com,650-455-4972x366
357,"Diaz, Arias and Horton",kristensullivan@sanders.com,(653)042-0599x841
358,"Bailey, Williams and Smith",hreed@pierce.com,+1-130-843-6301x890
359,Ayers LLC,brianyoung@hotmail.com,+1-052-043-9302x1563
360,Stephenson-Ross,smithedward@yahoo.com,(147)235-7192x5922
361,Williams-Watts,qharris@mooney-campbell.com,181.441.5545
362,Chambers Inc,collinsamanda@boone.biz,(228)918-5413x70201
363,"Conway, Davis and Andrews",pmyers@hotmail.com,740-465-5772
364,Roberts-Moran,kristin82@johnson.com,106.238.6242x072
365,Krueger-Hill,joseph80@gmail.com,001-746-314-1997x94081
366,Mason PLC,phillipsmary@yahoo.com,001-235-162-3047
367,Hill and Sons,garneramanda@yahoo.com,(490)594-6134
368,Rodgers LLC,jeffreythompson@smith.info,001-669-282-2399x63062
369,Mcclain Group,brandonharris@mitchell.com,9722209372
370,Larson-Carpenter,teresa22@york-medina.info,529-248-6853
371,Ryan-Estrada,karen03@oliver.info,777.577.4046
372,"Miller, Williams and Walls",kyle59@fernandez.net,001-280-339-3381x272
373,Gilbert-Huff,bgoodman@gmail.com,561-813-3514
374,Hall-Lawrence,eharrison@lloyd.com,(455)085-0900x2437
375,Davis LLC,teresa42@turner.net,(056)101-6960x05235
376,Terrell-Diaz,lisahansen@gilbert-cameron.net,435.676.3468x41988
377,Mata-Sullivan,ubaker@carlson.com,+1-579-148-4847
378,Harris-Bautista,bbell@hotmail.com,736-440-5819
379,"Williams, Johnson and Jones",christinearnold@morgan.com,139-333-8969
380,Haynes PLC,troy25@hunt.info,(269)781-1090x1550
381,"Krueger, Key and Shannon",laura16@bowman.com,519.485.2622
382,Arellano and Sons,marcus06@gmail.com,830.500.4541
383,"Kelly, Williams and Edwards",wrodriguez@baker-mullen.biz,663.254.3430x746
384,"Phelps, Sawyer and Flowers",claudia79@baker-craig.org,+1-317-658-1831x67418
385,"White, Webb and Richards",ebryant@duffy.com,001-193-770-9672
386,Montgomery-Walls,williamsgloria@kidd.com,409.404.6867x40738
387,Rose LLC,kyle75@hotmail.com,464-309-3274x01817
388,"Scott, Brown and Bailey",moralesjennifer@james-robinson.com,877-788-2622x17907
389,"Allen, Owens and Lopez",jamiedavis@holden.net,426.000.3234x73493
390,"Russell, Dillon and Parrish",christopherlong@powell.com,(366)094-1919
391,Moore LLC,tcallahan@hanson.com,360.674.4228x178
392,Patterson PLC,katrina25@patel.com,2282016399
393,"Torres, Hale and Murphy",nathandelacruz@king.com,792-846-3076x777
394,Cardenas PLC,olewis@ellis.org,893-965-4384
395,Martinez PLC,campbellrichard@yahoo.com,935.781.5939x3507
396,Griffin-Davis,johncurry@yahoo.com,618-528-3808x966
397,Gonzalez and Sons,pruiz@fernandez.com,823-189-1803x80416
398,Adams-Mercado,georgeadams@hernandez.org,874-636-4460x9321
399,"Brown, Lopez and Gilmore",reginaldgutierrez@hotmail.com,(149)136-8069
400,James LLC,acarter@gmail.com,(521)474-2099x1450
401,Vincent-Thomas,dmartinez@yahoo.com,865-330-7805x661
402,Warner-Cooper,tammy96@hotmail.com,331-727-3874x8181
403,Williams-Jones,jillgill@hotmail.com,001-020-649-8008x2763
404,Oneal-Brooks,daniellefuentes@hotmail.com,226.891.3991x85597
405,Maynard-Davis,christopherayala@gmail.com,+1-530-457-2405x766
406,"Sanders, Evans and Bray",robleswilliam@olson.com,(233)024-5844x86802
407,Dixon Group,brian55@hotmail.com,(014)494-7794x628
408,Mcconnell Ltd,christopher95@yahoo.com,(699)098-8895x5503
409,Wright-Owens,lyonsrichard@hotmail.com,001-391-238-6445x51196
410,Holt-Walker,scottvaughn@campos.com,174.626.2173
411,Gomez and Sons,megan86@phelps-hudson.com,0122416336
412,"Brown, Mason and Evans",patricia45@meza-bridges.biz,7377909029
413,Hammond-Allen,teresawhitney@sullivan.org,001-183-954-2006x64377
414,"Austin, Salinas and Gilmore",kempwalter@yahoo.com,+1-276-709-9103x98760
415,Campbell-Mendez,josephsmith@yahoo.com,625.820.6957x386
416,Perez Ltd,kgutierrez@campbell.info,254.843.0837
417,Hernandez Inc,samuelorozco@gmail.com,(401)421-6190x1824
418,Ingram Inc,tiffany86@adams.net,001-733-235-0949x38191
419,Brown-Williams,dustin23@gmail.com,6995991915
420,"Brown, Maldonado and Chapman",kevin51@yahoo.com,497.332.0036x39740
421,Weber PLC,hernandezantonio@rangel.com,+1-370-647-8915
422,Parrish Inc,ysanchez@hotmail.com,+1-737-986-4177x3768
423,Brown Inc,bcalhoun@gmail.com,6693649037
424,Sims Inc,daniellecox@yahoo.com,(825)500-2860x89642
425,Moore LLC,patrick69@yahoo.com,001-179-227-5435x62397
426,Armstrong-Lowe,moralesjeremy@porter.com,323-570-4675x8662
427,"Watson, Wolfe and Williamson",mendozamichelle@proctor.biz,001-476-265-9668x2112
428,Chavez-Bell,pphillips@anderson.biz,001-571-256-2968x002
429,"Keller, Petersen and Baker",pdixon@rodriguez-davis.info,551.154.1380
430,Barnes Inc,lori36@thompson.com,(927)132-7543x69424
431,Palmer PLC,codywalker@hotmail.com,(251)043-2761
432,Murphy-Jefferson,wrightanna@gmail.com,514-508-1749x39056
433,Lewis Group,millermelissa@hotmail.com,953.149.5160x07511
434,Dunn-Williamson,danielrussell@yahoo.com,+1-739-302-4750
435,Estes LLC,ashley70@yahoo.com,+1-232-853-3630x827
436,Collins and Sons,layers@smith-tucker.net,749-545-2303x33403
437,Sutton Inc,smithmelody@garcia-melton.com,057.936.2232x3612
438,Moore LLC,copelandcraig@chan-cole.com,922.534.3551x25755
439,"Jacobson, Lewis and Collins",thomas28@gmail.com,(258)034-2239x34633
440,Smith-Pratt,carlosbutler@moore.biz,+1-283-730-3973
441,Hester LLC,austin17@stark-sanchez.com,001-682-709-3859
442,Johnson-Berger,nancygomez@miller.com,267.372.5531
443,"Roberson, Decker and Ibarra",joseph27@willis-gill.com,995.202.6218
444,Johnson Inc,rbennett@valdez.com,+1-065-270-2412
445,Horn PLC,sgardner@diaz.biz,282-993-9578x890
446,Moore PLC,greenmegan@jones.com,393-686-6481x4637
447,Coleman LLC,andrew02@hotmail.com,(821)724-6235x8361
448,Fischer Inc,madeline19@powell-phillips.com,+1-255-196-3001x782
449,Williams-Drake,xtodd@hotmail.com,409-215-8358
450,Gibson and Sons,robert04@rodriguez.com,630.035.8614
451,Stone-Reynolds,lisa26@sanchez-herring.com,634.367.8963x749
452,Harris Group,carrie39@hart-pacheco.com,(861)935-3771
453,Martin-Case,jholmes@yahoo.com,511-616-0221
454,Anderson Ltd,jorge98@hotmail.com,+1-493-241-1187x99290
455,"Potts, Williams and Baldwin",amandagarcia@miller.com,780.118.6130
456,Nunez Group,lisacrawford@yahoo.com,(883)298-6320x1029
457,Ortiz-Doyle,dsmith@hotmail.com,9712127385
458,Blake-Smith,angelica57@yahoo.com,001-466-194-8879x61029
459,"Nichols, White and Vaughn",rhonda68@yahoo.com,+1-249-375-6083x826
460,Weaver Inc,barbaraparker@yahoo.com,+1-731-878-0139x0671
461,Chang Ltd,david98@gmail.com,001-779-222-9008x485
462,Brown-Thompson,lucaszuniga@gmail.com,001-301-837-3658x12938
463,"Ewing, Mata and Cox",raymondstevens@hotmail.com,138.682.2338x2218
464,Mccormick-Perez,pagechloe@yahoo.com,276-330-1742x770
465,"Wilson, Carter and Long",derrick05@hotmail.com,496-505-3732
466,Neal-Kramer,ashleyward@yahoo.com,176.548.1879x8169
467,Wright-Madden,rswanson@hotmail.com,466.636.2571
468,Mcmahon LLC,phillipsbrian@hotmail.com,148-075-4433
469,"Wilson, Thompson and Decker",krogers@yahoo.com,001-331-739-8018
470,"Rojas, Bailey and Rodriguez",kelly27@gmail.com,+1-287-861-9148
471,"Bates, Vance and Wallace",llindsey@gmail.com,405.062.1635x7279
472,"Brown, Smith and Cooper",janetanderson@contreras.org,(131)203-5874x850
473,Hernandez PLC,samuelstephens@hotmail.com,(319)280-4419x50285
474,Boyd Ltd,annette60@yahoo.com,616-664-1031x055
475,"Turner, Williamson and Marquez",swilliams@hotmail.com,(752)433-4218x74835
476,Williams-Cervantes,fcervantes@fitzgerald.com,001-881-618-0555
477,Sanders Ltd,ogonzalez@mathis-olsen.com,0671268390
478,Campbell-Welch,rstokes@parker-sherman.net,6914476495
479,Soto-Cochran,kristinaaguirre@butler-peterson.com,7450721112
480,Wu-Barnett,david45@yahoo.com,+1-000-845-0985x7113
481,"Hawkins, Luna and Jackson",yquinn@gmail.com,559.166.9567
482,Nelson PLC,michaelpeters@gmail.com,828-275-4844x3046
483,White-Gomez,riveramatthew@bowman-holt.com,(626)106-9828
484,Hodges-Roberts,beth03@yahoo.com,122.457.4922x9129
485,Peterson LLC,hunterhector@cantrell.info,+1-448-905-7966x65717
486,Sims and Sons,victor28@yahoo.com,(358)547-4980x7770
487,Short-Hart,sara58@young.com,(115)354-5302x7902
488,Robles-Mack,kim30@hotmail.com,378.403.6068
489,Pierce and Sons,frichardson@simpson-brown.com,806-641-1441
490,Thompson-Norris,david01@brooks.net,+1-870-732-0029x033
491,"Hall, Blankenship and Hopkins",zarmstrong@yahoo.com,7640448713
492,Edwards LLC,ronald17@gmail.com,320-263-3717x257
493,Thomas Inc,uorr@rosales-robertson.com,+1-438-749-4689
494,Harris-Jones,hortonmolly@taylor-walker.com,(061)921-8827
495,Long Group,bsmith@simmons.biz,+1-638-222-6602x8637
496,Garcia-Ramos,desiree85@clark.org,+1-530-512-9689
497,Brooks-Brown,vconley@yahoo.com,+1-115-403-7832x34084
498,Solomon Group,barbara60@mueller-buckley.biz,(272)124-7586x06609
499,Williams-Richardson,tayloradam@hotmail.com,696.411.7797x02189
500,Christian-Hall,elizabethdougherty@hotmail.com,(793)315-6606
