SponsorName,SponsorEmail,SponsorPhone
Hunt-Lee,jason_jackson@hotmail.com,+1-665-410-1182x0296
Morales PLC,renee_lawrence@yahoo.com,001-344-611-5847
Hawkins and Sons,robin_brown@yahoo.com,357-768-7598x140
"Sanchez, Smith and Johnson",nicholas_bell@yahoo.com,293-783-2182x7931
Peters-Brown,thomas_smith@yahoo.com,234-226-2075
Pacheco Inc,jorge_rivera@hotmail.com,001-499-278-6360
Johnson-Walton,benjamin_velez@yahoo.com,675-408-0918x387
Haynes Inc,dakota_roberts@gmail.com,930.782.8569x34240
"Gillespie, Hill and Martin",mark_schultz@yahoo.com,484-246-6083
"Hunter, Haas and Durham",rodney_ballard@hotmail.com,467.585.2337
"Howard, Duran and Miranda",elizabeth_singleton@hotmail.com,+1-420-365-6405x6750
Weaver-House,mary_long@gmail.com,+1-765-600-5735
"Bailey, Garcia and Armstrong",christine_davis@gmail.com,669-373-4506x071
Atkins Inc,phillip_cisneros@hotmail.com,528.417.6673
Dalton Inc,jeremy_stone@yahoo.com,001-782-813-6932x69662
Powell-Rodriguez,stephanie_brown@hotmail.com,(841)367-5352
Rodriguez-Young,ryan_hahn@hotmail.com,(575)364-6631x00937
Ashley PLC,jordan_adams@hotmail.com,001-597-433-3855x533
Livingston-Gilbert,jeffrey_everett@hotmail.com,+1-241-485-6361x749
"Foster, Smith and Tanner",valerie_carlson@hotmail.com,855.605.8720x9565
Dickerson-Allen,jeff_macias@gmail.com,881.499.1219x80890
Wall-Coleman,calvin_blake@hotmail.com,(776)229-4244
Smith-Pittman,victoria_delgado@yahoo.com,965-892-5320x1177
Davis Group,christopher_baker@gmail.com,997.975.0304
Zavala LLC,alexander_peterson@hotmail.com,+1-700-454-1677x327
"Lara, Moore and Kane",william_williams@hotmail.com,251.493.3045x5891
Mcgee-Anderson,rhonda_ortega@yahoo.com,+1-281-830-9704x2481
Wright-Marshall,john_estrada@yahoo.com,520-496-8665
"Lucas, Leblanc and Jones",linda_pham@gmail.com,8049309240
"Wilson, Johnson and Simpson",michelle_bennett@gmail.com,(642)729-7405x7896
Welch-Martinez,jacqueline_myers@yahoo.com,373.427.4064x986
West-Wilson,robert_watkins@gmail.com,899.698.2093
Jones and Sons,kathryn_rosales@yahoo.com,+1-366-282-9555x442
Torres-Middleton,henry_willis@yahoo.com,582-573-1269
Garcia-Briggs,tonya_preston@yahoo.com,753.779.0397x78841
"Weaver, Greene and Fischer",sonya_sullivan@gmail.com,3719238733
"Edwards, Allen and Rodriguez",john_ward@gmail.com,696-395-3080x0916
Armstrong-Harvey,adam_rogers@yahoo.com,(427)870-3749
Baxter-Kennedy,robert_zimmerman@hotmail.com,846-487-4472x6193
Barrett PLC,john_smith@yahoo.com,7207949863
Kelley Inc,jessica_solis@yahoo.com,537-951-6395x1500
"Moreno, Valdez and Nielsen",cody_kelly@hotmail.com,872-330-8874x50625
Morales-Perez,christina_williams@hotmail.com,227.673.5906
Buchanan-Brown,thomas_rogers@gmail.com,001-960-828-2559x81681
Baker LLC,laura_thompson@hotmail.com,609-776-4778x6246
"Banks, Burton and Nelson",lisa_werner@hotmail.com,+1-709-826-7803x99018
"King, Edwards and Ellis",rebecca_lyons@yahoo.com,502-927-0758x5917
"Miller, Ballard and Wilson",john_kent@yahoo.com,(427)758-6792x566
Simmons LLC,samuel_page@hotmail.com,672-428-4500
Mejia-Sullivan,tim_rodriguez@gmail.com,950.957.2483x820
Richards Group,kayla_hutchinson@yahoo.com,+1-925-636-6480x2289
Boyer Group,jesse_werner@yahoo.com,444.254.8090
Smith and Sons,thomas_rowland@hotmail.com,(387)344-4785x67059
Davis Group,regina_pearson@gmail.com,001-647-209-9062x60417
Rodriguez Group,jason_beasley@hotmail.com,634.728.3134
"Hill, Rios and Robles",courtney_jones@hotmail.com,(386)735-6774x049
"Stewart, Padilla and Harris",valerie_walton@gmail.com,(203)328-7242x738
Clayton Inc,derek_jimenez@yahoo.com,982.254.7489x11902
Petty and Sons,michael_brennan@hotmail.com,+1-617-996-7585x8324
"Rice, Leonard and Murphy",angela_wagner@yahoo.com,462.320.8077
"Barajas, Todd and Hess",christian_ellis@hotmail.com,914-429-1586x5415
Johnson Inc,peter_smith@yahoo.com,399.684.0675
Ward-Galvan,frank_tran@gmail.com,748.250.7905
Phillips LLC,erika_liu@hotmail.com,+1-781-595-3817
Graham Ltd,tracy_marsh@yahoo.com,+1-735-275-9464
Lowe-Zamora,brian_wilson@yahoo.com,001-578-745-6321x6548
"Wood, Williams and House",gregory_jones@gmail.com,001-412-820-9338x77241
Graves-Olson,sydney_alvarez@gmail.com,804-300-9698x9299
Morrison and Sons,rita_smith@yahoo.com,872.518.7830
Stone-Jefferson,rodney_barry@gmail.com,389.769.3263x374
Singh-Vaughan,carmen_bautista@yahoo.com,(499)521-0242
"Hicks, Dixon and Griffith",ethan_porter@yahoo.com,+1-446-854-0263x29021
Hart PLC,john_morgan@gmail.com,709.577.4328
Gonzales-Miller,william_mcpherson@hotmail.com,(966)836-4417x402
"Swanson, Miller and Adams",donna_watkins@gmail.com,+1-330-591-1142x962
Esparza Inc,john_huffman@gmail.com,980.591.8091
"Peterson, Hodge and Chavez",john_adams@yahoo.com,(748)593-4112x36897
Meza Ltd,julie_le@hotmail.com,600-283-6505
Martin Inc,christina_miller@hotmail.com,246-347-4014x530
"Wilson, Williams and Waters",albert_villegas@yahoo.com,793.476.1468
Ramirez-Sherman,daniel_martinez@gmail.com,(677)674-6886x18318
"Crosby, Vargas and Mayo",richard_scott@hotmail.com,598-831-1039x74440
Hartman Ltd,eric_watson@gmail.com,(822)536-8804
Morris Inc,kimberly_sutton@yahoo.com,246-270-5257x035
Sanchez Group,michael_perkins@gmail.com,001-490-753-9957x421
Wilson Ltd,robert_willis@hotmail.com,001-913-861-3676x3799
Calderon-Sanders,david_ward@gmail.com,(766)304-0483
Ingram Ltd,amy_murray@yahoo.com,570-589-8203x308
Walton-Ramirez,christopher_baker@gmail.com,705-230-8289x9638
Brown-Grant,mia_keller@gmail.com,+1-673-643-8712x492
Cohen-House,anthony_johnson@gmail.com,001-328-797-1919x70427
Lewis and Sons,austin_lee@hotmail.com,(545)887-0718x220
Huynh-Arellano,betty_taylor@hotmail.com,354.405.6400
Warner LLC,christine_moore@gmail.com,+1-245-889-1955x0945
"Watson, Williams and Ochoa",maxwell_wright@yahoo.com,813-557-2160
Lawrence-Jensen,renee_thomas@hotmail.com,936-620-9536x6927
Simpson-Cooley,cheryl_cruz@yahoo.com,(865)369-2999
"Bennett, Ochoa and Morris",annette_owens@yahoo.com,+1-898-794-7393
Jones-Stone,diane_wood@yahoo.com,433.382.5498x177
"Marquez, Thomas and Walters",amy_mccann@yahoo.com,001-423-927-7597x61599
