Name,Password,Email,Phone,OrganizationID
Barbara Peterson,MNGA*jx$*7,barbara_peterson@hotmail.com,293-445-6069,19.0
Anthony Clark,LFQfEOR%$1,anthony_clark@gmail.com,339.291.4044,
Erica Johnson,94GsTYs7)R,erica_johnson@yahoo.com,721.315.0948x79283,12.0
Devon Wilson,*p@YnGa@C1,devon_wilson@gmail.com,+1-961-470-5379x952,
Justin Glenn,iAt5Uydxz+,justin_glenn@hotmail.com,(248)855-5567x360,14.0
Ashley Peterson,L$9PBs0iOs,ashley_peterson@yahoo.com,739.801.9808,14.0
Kelly Davis,#8NvRb@x^l,kelly_davis@hotmail.com,(450)468-9267,7.0
John Castro,%8N%dzcRTe,john_castro@yahoo.com,001-779-353-1521x78736,4.0
Richard Wilson,)49cmjuH+O,richard_wilson@gmail.com,+1-804-344-6358,3.0
Joshua Gregory,%7C7iksr@1,joshua_gregory@yahoo.com,001-418-449-9612x2809,19.0
David Foster,+e89CYmcA&,david_foster@gmail.com,001-875-719-1380x690,1.0
John Wilcox,@mlZ6WnjH4,john_wilcox@hotmail.com,+1-607-552-3999,3.0
Lori Horn,*1W()wujS@,lori_horn@gmail.com,675-977-4208x6112,11.0
Amanda Gardner,@TPiOw3w3m,amanda_gardner@yahoo.com,001-456-308-2269x4256,3.0
Hannah Medina,gx%5QhtPIL,hannah_medina@gmail.com,329.931.0208x6763,
Nathan Landry,g8nSw$Rq!C,nathan_landry@yahoo.com,8527657036,
Paul Wagner,L%0pjGno%N,paul_wagner@hotmail.com,(752)273-6720x596,12.0
Jill Ferguson,9!2O6eEp+z,jill_ferguson@hotmail.com,(947)891-7854,12.0
William Oneill,y)8ATVMkHI,william_oneill@gmail.com,+1-210-346-5550x355,12.0
Jamie Gonzales,a1uTFStq_a,jamie_gonzales@hotmail.com,001-730-301-2107x318,17.0
Robin King,b15HStDn+#,robin_king@gmail.com,7726122519,3.0
Henry Gordon,x^!3kJUu5*,henry_gordon@gmail.com,665.739.2502x79639,1.0
Scott Anderson,(xK%fWn9t4,scott_anderson@gmail.com,434.219.9851,13.0
Nina Durham,D5dCRskY#7,nina_durham@gmail.com,290-840-0994x0064,
April Jensen,LL1pc4cV5#,april_jensen@gmail.com,001-705-312-5675x3328,3.0
William Spencer,L$8QLeAjCS,william_spencer@gmail.com,(579)956-6544,
Bryan Jones,jd6TuNoMT^,bryan_jones@hotmail.com,904.215.9061x9893,2.0
Katherine Nixon,e#6C_lpYoO,katherine_nixon@gmail.com,+1-280-872-2594x07278,12.0
David Rodriguez,prRn$fa1(6,david_rodriguez@hotmail.com,6624548669,10.0
Debra Barton,1^apL#en!l,debra_barton@yahoo.com,466.204.3535,3.0
Emily Jensen,5^y7XMebY^,emily_jensen@yahoo.com,+1-638-410-5878,1.0
Nicholas Murray,O(1XeHlO6L,nicholas_murray@gmail.com,8147619330,16.0
Edward Goodwin,5PM2C0Lnw!,edward_goodwin@yahoo.com,+1-465-726-8259,7.0
Catherine Johnston,rbWYzQrx@9,catherine_johnston@yahoo.com,944-596-6519,11.0
Billy Tapia,p7DrPS)@$),billy_tapia@hotmail.com,782-246-6901,6.0
Madeline Garcia,*Z$n6QXpw^,madeline_garcia@yahoo.com,001-669-225-2399x7582,2.0
Ronnie Coffey,alY4$*Pb+Y,ronnie_coffey@gmail.com,483.723.2372,12.0
Kim Taylor,+OP(bg7bk9,kim_taylor@yahoo.com,001-554-239-5496,15.0
Nicole Mann,OOOEM1Sw(1,nicole_mann@yahoo.com,(903)885-1119x484,6.0
Brian Wiley,^4hLE#0WYm,brian_wiley@gmail.com,588-642-2356x46245,14.0
Denise Morgan,7veIgD!Z@k,denise_morgan@gmail.com,(845)771-6486x1063,
Erik Clark,(_5)BEedkM,erik_clark@yahoo.com,8826308870,20.0
Breanna Hernandez,9k671NthX(,breanna_hernandez@hotmail.com,+1-916-209-8323x37986,
Chad Johnson,_0dOnyHwaD,chad_johnson@yahoo.com,(549)540-8739x84855,
Christine Pitts,&cWKnyZn#1,christine_pitts@hotmail.com,705-830-9922x430,14.0
Thomas Morris,j9w2SaLe*O,thomas_morris@gmail.com,(301)599-2410x014,13.0
Laura Mendez,97iRahaK$!,laura_mendez@yahoo.com,+1-590-774-0082x34028,16.0
Amy Fowler,I)#46Isx1R,amy_fowler@hotmail.com,+1-419-603-1424x379,9.0
Alicia Chen,Y2&AJDgA!O,alicia_chen@yahoo.com,001-925-233-7441x4918,16.0
Alicia Gonzalez,#!Dg3SsSl0,alicia_gonzalez@gmail.com,+1-307-543-6358x67718,1.0
Jason Bradley,d+k5aZv$O#,jason_bradley@hotmail.com,+1-832-524-6483x76587,13.0
Brian Hansen,mbK5X4jTg#,brian_hansen@yahoo.com,562-785-6675,14.0
Stephanie Anderson,Rg4wnPDHD#,stephanie_anderson@yahoo.com,2549440083,
Julia Osborne,e8Ybk+59%6,julia_osborne@gmail.com,611-936-3995x611,
Gina Cox,&3BAR^q6fM,gina_cox@gmail.com,+1-678-736-9340x57804,6.0
David Lee,$8Vb+vTgcR,david_lee@gmail.com,3286500482,1.0
Corey Rodriguez,7F#GrH*#^2,corey_rodriguez@yahoo.com,548.435.9847,9.0
Judy Porter,)77H!Oj_FI,judy_porter@yahoo.com,001-319-825-9653x802,
Charles Michael,NT%^k1KkF7,charles_michael@gmail.com,(614)952-1132,16.0
Ryan Castillo,DI5NIOzT_0,ryan_castillo@gmail.com,001-621-898-1157x568,14.0
Julie Glover,B^2#BQ_NQq,julie_glover@yahoo.com,+1-661-351-9885x80719,
Shannon Hernandez,GOCnZhV0*6,shannon_hernandez@hotmail.com,001-206-663-4524x286,19.0
Kathy Porter,tE8pKa3gQ+,kathy_porter@gmail.com,001-369-562-8414x679,5.0
Carol Miller,*#7ECi&dHu,carol_miller@yahoo.com,001-571-887-7301,
Claudia Nichols,Sn+5I+^t5d,claudia_nichols@hotmail.com,391-423-7546x8920,18.0
Jason Weber,&1+Df0DIf0,jason_weber@yahoo.com,651-902-3592x48570,18.0
Bradley Ortiz,Ge5Lo8k4+k,bradley_ortiz@gmail.com,001-328-526-6114x40258,20.0
Marie Miranda,1s638bNVd#,marie_miranda@hotmail.com,(755)621-9633,16.0
Derek Jackson,%39Ms^P)ms,derek_jackson@gmail.com,598-350-2167,4.0
Andrea Tucker,+f10XIa07T,andrea_tucker@gmail.com,217-730-7330x13324,5.0
Brandon Patel,#9(Sr%Fv_),brandon_patel@gmail.com,(761)200-0516,5.0
Joel Ayala,yE885Gfv(#,joel_ayala@yahoo.com,3448820120,15.0
Kevin Stokes,3kNXTk2s&),kevin_stokes@gmail.com,711-869-9578,12.0
Daniel Smith,%8#ePctE#D,daniel_smith@gmail.com,(855)300-8196x916,11.0
Allison Francis,QQF(1LgODJ,allison_francis@yahoo.com,4697104217,16.0
Kevin Nguyen,@qu80ROr*n,kevin_nguyen@hotmail.com,484.262.9900x69921,10.0
Yvonne Neal,!+I35RUqjP,yvonne_neal@gmail.com,957-959-3242x04705,
Nicholas May,PUpqyUVu%2,nicholas_may@hotmail.com,378-931-6252,14.0
Patricia Turner,(IB2RsPhth,patricia_turner@yahoo.com,+1-718-842-4436x555,19.0
Jasmin Murray,jb2T*cAp^$,jasmin_murray@gmail.com,310-400-1799x6630,1.0
John Shelton,^_1BoRt3x4,john_shelton@hotmail.com,915-842-0955,20.0
Nathaniel Castro,2BG5yLrs&r,nathaniel_castro@gmail.com,+1-918-948-1928,18.0
Albert Nichols,*a!9ODc6Bo,albert_nichols@gmail.com,317-676-3205x25591,7.0
Edward Johnson,+2F1nZrxFK,edward_johnson@hotmail.com,+1-483-217-5235x671,11.0
Gregory Woods,H9lOmM5J$y,gregory_woods@yahoo.com,857-836-0913,15.0
Peggy Bell,%$75Ffa5tP,peggy_bell@gmail.com,001-521-823-9633x087,10.0
Amanda Curry,dz9Ocbzc*&,amanda_curry@gmail.com,001-891-823-4185x66821,16.0
Casey Cantu,y6jNUxhD@x,casey_cantu@hotmail.com,(820)897-8372,
Brian Foster,pz6BDkO8j@,brian_foster@hotmail.com,+1-435-561-9679,
Randall Coleman,HjM(6K8f(*,randall_coleman@yahoo.com,(240)493-5528x076,8.0
Paul Barton,fq^0B#umm6,paul_barton@yahoo.com,547-620-2111,
Jacqueline Harris,%WS4VPt)os,jacqueline_harris@yahoo.com,6405925984,
Brandon Liu,UJbTtAhm)4,brandon_liu@yahoo.com,(885)759-5565x98804,17.0
Cynthia Hendricks,$_5of*v_$S,cynthia_hendricks@gmail.com,+1-697-222-8164,
Darin Lewis,(*usX3Ez98,darin_lewis@hotmail.com,960-601-0066,1.0
Paul Sanders,gv3tuC0yO$,paul_sanders@yahoo.com,(228)853-6661,
Jamie Sullivan,k)5aFwKr)l,jamie_sullivan@gmail.com,392-762-1108,12.0
Regina Sanchez,)IE4l!ZbK+,regina_sanchez@yahoo.com,331-218-7979,
Catherine Harvey,+O_LJQ2qp3,catherine_harvey@hotmail.com,+1-872-412-8383x6247,19.0
Jill Stewart,+N$0BLstsa,jill_stewart@gmail.com,001-970-699-8251x901,17.0
Megan Fisher,&5FUs!zPgr,megan_fisher@gmail.com,(236)455-3795,14.0
Steven Henson,8xudbTxb_z,steven_henson@yahoo.com,(299)679-4996,1.0
Joan Navarro,0vSUmOn$$3,joan_navarro@hotmail.com,(438)422-1845,
Nicholas Gibson,%^3Akxsm5u,nicholas_gibson@yahoo.com,001-597-616-1760x8933,8.0
Albert Hill,u(1TI!Fanp,albert_hill@gmail.com,681.333.1282x280,20.0
David Patrick,*5M!DAr105,david_patrick@gmail.com,932-207-3689x651,
Curtis Williams,!8aZOuOlvz,curtis_williams@hotmail.com,(459)477-1983,1.0
John Boone,)+8EsxV3^l,john_boone@gmail.com,651-263-1938x579,
Heather Stafford,+q9H#f!5M6,heather_stafford@gmail.com,453.830.4999x10897,16.0
Mark Anderson,)HNE0BVxEz,mark_anderson@hotmail.com,859-316-5868,12.0
Robert Landry,8ub1k(V)m),robert_landry@yahoo.com,426-749-6320,5.0
Erika Hernandez,mw7IrzXi(7,erika_hernandez@gmail.com,+1-896-898-4557,9.0
Rebecca Rodriguez,4n+Jf7GecU,rebecca_rodriguez@yahoo.com,(279)788-6723x34142,10.0
Kristi Wright,^I8iHvJw$S,kristi_wright@yahoo.com,001-614-282-7893,15.0
Michelle Jacobs,H2g#K@z9_y,michelle_jacobs@hotmail.com,001-255-493-7728x6171,16.0
Kristen Padilla,vjN($5MxoX,kristen_padilla@hotmail.com,319-433-8370x82340,9.0
Lisa Gordon,n!D87)GfaU,lisa_gordon@hotmail.com,640-436-0864x74222,13.0
David Gillespie,&RI*SeT1O6,david_gillespie@yahoo.com,(332)384-0502x70151,20.0
Joseph Brennan,+v8DtZYWd!,joseph_brennan@gmail.com,(534)456-7370x2965,19.0
James Morgan,DsU5uG+y$7,james_morgan@yahoo.com,2864300742,
Susan Price,Tc#SWc^q*5,susan_price@hotmail.com,+1-552-372-9859,15.0
Courtney Davis,d@9oH@zco0,courtney_davis@hotmail.com,001-631-837-5704,16.0
Matthew Smith,w8N6XqLdu@,matthew_smith@yahoo.com,(420)902-6199x96525,9.0
Matthew Blanchard,!a6T$ixbw_,matthew_blanchard@yahoo.com,511.502.9372,6.0
Sharon Flores,e&2K%R9n1(,sharon_flores@yahoo.com,(577)493-5580x524,15.0
Dustin Bond,izg#1H7ddA,dustin_bond@yahoo.com,+1-539-848-0873x47457,12.0
Stephanie Rivas,f(Y7pGgd#U,stephanie_rivas@yahoo.com,6646062278,9.0
Dennis Vaughn,_3lXu@MRc(,dennis_vaughn@yahoo.com,+1-853-681-4295x425,
Carlos Jackson,+yIF4KCa10,carlos_jackson@hotmail.com,771-410-8158,19.0
Adriana Nolan,%6PGK3IwyN,adriana_nolan@yahoo.com,(824)480-3994x37423,4.0
Barbara Rodriguez,N%c+8USpO0,barbara_rodriguez@yahoo.com,+1-296-838-5319x7058,8.0
Derrick Fernandez,jq5A2zq9!0,derrick_fernandez@yahoo.com,(548)417-3167,
Holly Jackson,HpSpFSHE*0,holly_jackson@hotmail.com,(616)541-7159x0014,
Richard Miller,Wf3mQNnh)r,richard_miller@gmail.com,+1-215-540-8053x398,3.0
Steven Morris,_6QlOJesA3,steven_morris@gmail.com,(354)260-7482x344,18.0
Eric Medina,Q0R2rXbA(Y,eric_medina@gmail.com,238-650-6898x939,19.0
Justin Shaw,(3YtjqGa7F,justin_shaw@gmail.com,704.568.0530x48051,10.0
David Mccarthy,+puAQJtha0,david_mccarthy@gmail.com,458.749.0235x29459,15.0
Matthew Hebert,1%8NkuLHPh,matthew_hebert@hotmail.com,8348578004,15.0
Bradley Ryan,UKlom9Tw(!,bradley_ryan@hotmail.com,6609165050,15.0
Antonio Jenkins,&*J+UCuyP9,antonio_jenkins@yahoo.com,736-674-7065x866,20.0
Kevin Norris,_%4akLblv!,kevin_norris@gmail.com,291-572-9464x02973,12.0
Nicholas Grant,Rc9K0KFi1),nicholas_grant@gmail.com,+1-838-999-2633x080,
Laurie Houston,C50czjxN)S,laurie_houston@hotmail.com,597.912.6155x619,8.0
Heather King,b5XlS4mA#*,heather_king@yahoo.com,526.505.2114,13.0
Ryan Moon,9V)(7Rp)xD,ryan_moon@gmail.com,001-244-743-8078x795,10.0
Amanda Brown,d$b8mUSi)^,amanda_brown@hotmail.com,(819)513-3227x87174,20.0
Brian Anderson,8(99^GeSa@,brian_anderson@hotmail.com,(866)897-4821x0857,15.0
Taylor Chavez,*cm9XMdnVQ,taylor_chavez@yahoo.com,001-733-816-0059,14.0
Joshua Thomas,Y40GOtyk(4,joshua_thomas@gmail.com,001-312-905-5648x131,
Jennifer Chandler,6f_6K60*l*,jennifer_chandler@hotmail.com,001-638-602-1360x4599,9.0
Sandra Taylor,0VEXq$Q_*9,sandra_taylor@gmail.com,938-871-3877x84273,2.0
Ricky Garcia,fS@9QzQgtu,ricky_garcia@gmail.com,(880)610-6431,18.0
Teresa Snyder,X0vbGeqO#t,teresa_snyder@gmail.com,3794054191,
Annette Moody,!9RSKfNqpL,annette_moody@hotmail.com,874-901-8643,
Stacey Davis,h($)5AhJ$$,stacey_davis@gmail.com,819.303.0073x2149,3.0
Tammy Thompson,^hZve@Vq&8,tammy_thompson@gmail.com,874.820.0925x3437,8.0
Scott Smith,_(E5LW(w!a,scott_smith@gmail.com,+1-936-247-4177,1.0
Kristin Anderson,HcA5)Fcxl(,kristin_anderson@gmail.com,781.477.7234x70032,15.0
Justin Franklin,(c!kPGPe(2,justin_franklin@yahoo.com,+1-577-217-7291x263,14.0
Eric Martin,3PFbJ(iY!t,eric_martin@yahoo.com,244.235.6467,
William Larson,+d%@9SjxVI,william_larson@gmail.com,294.800.6625,10.0
Sandra Rice,PhSU2AiJ)&,sandra_rice@yahoo.com,682.299.2878x86087,18.0
Heather Bullock,BX0IBj1yE!,heather_bullock@gmail.com,368.424.7470x634,
Jessica Smith,_SD555EdEj,jessica_smith@hotmail.com,510.786.0685,10.0
Amanda Woods,346PH7*o*R,amanda_woods@gmail.com,2985114312,15.0
Mark Johnson,%_iQTrbt7K,mark_johnson@gmail.com,+1-367-628-2237,5.0
Victoria Trevino,_u9H8#SsJu,victoria_trevino@gmail.com,(850)440-1036,4.0
Steven Gray,D$71BHsnwT,steven_gray@gmail.com,(264)634-1810,
Kimberly Myers,YK0BNmpqd*,kimberly_myers@yahoo.com,(553)769-8155,7.0
Brooke Ray,L8jMGjR8(0,brooke_ray@hotmail.com,+1-819-898-0895x665,3.0
Patricia Huynh,Y6_*Ld#h%D,patricia_huynh@hotmail.com,894-724-5656x535,5.0
Deborah Garza,@6YOqWGCD6,deborah_garza@gmail.com,532.244.0674x2225,
Chelsea King,EpX0GvtY(A,chelsea_king@gmail.com,385.629.6135,15.0
Erin Chase,&6XGR0H8@l,erin_chase@hotmail.com,001-751-969-8074x921,
Carlos Sullivan,^6Kn_kYu0o,carlos_sullivan@hotmail.com,484.514.6720x26379,14.0
Heather Franklin,A(A0Ma4Tp6,heather_franklin@yahoo.com,921.457.6146,8.0
Jerry Wang,7%!&9SSsyd,jerry_wang@hotmail.com,001-835-926-1212x8827,14.0
Ethan Hansen,FEeKMpLm%2,ethan_hansen@gmail.com,+1-384-637-4824x8599,4.0
Melanie Simmons,+3Yv3&KIz5,melanie_simmons@gmail.com,+1-974-788-5142x36990,
John Davis,F&3o$I8ejM,john_davis@hotmail.com,913.488.5448,
Kayla Gonzales,_s$gWrAi06,kayla_gonzales@gmail.com,001-751-641-1745,
Jason Archer,^!@7Z9fyWw,jason_archer@hotmail.com,383.694.0145x81809,2.0
Lindsey Guerrero,%@7i!pJ1ty,lindsey_guerrero@yahoo.com,001-889-566-0155x3120,1.0
Francisco Randall,sC*EK73kZ@,francisco_randall@hotmail.com,5809283751,15.0
Yolanda Luna,)+P4vcu1t4,yolanda_luna@hotmail.com,201.739.9392x6372,2.0
Jennifer Norman,kyw5_#GsZ!,jennifer_norman@hotmail.com,9014838107,18.0
Janice Fuller,+94BVO(bm9,janice_fuller@gmail.com,+1-864-899-3948x7896,13.0
Emma Hernandez,n6J^w0LP$q,emma_hernandez@yahoo.com,+1-933-946-8126x05653,1.0
Kenneth Lam,&7qgi_mzdP,kenneth_lam@hotmail.com,696-549-1492x945,
Susan White,1fG%G%!y)2,susan_white@hotmail.com,+1-648-637-5967x2916,
Andrea Mercado,B)6ReGBq_E,andrea_mercado@hotmail.com,(578)958-3861x71891,
Christina Vasquez,wJ#8WTjpoQ,christina_vasquez@yahoo.com,(580)653-0949x412,13.0
Richard Garza,g^mO4VtSqn,richard_garza@gmail.com,(969)225-4554,12.0
Katelyn Preston,%0PZD#cLis,katelyn_preston@yahoo.com,273.772.9881x01844,1.0
Erik Soto,c6WJQocR^B,erik_soto@yahoo.com,5028830678,10.0
Matthew Thomas,!&3B4Ibjg&,matthew_thomas@hotmail.com,001-488-405-6200,1.0
Brooke Williams,H$6VWJzzO8,brooke_williams@gmail.com,+1-901-946-5025x841,11.0
Lindsay Hampton,aMg&D3UhCo,lindsay_hampton@gmail.com,511.575.2653,4.0
Alfred Clark,X@d3iPi%d*,alfred_clark@hotmail.com,001-985-995-8524,
