EventName,EventDate,TicketPrice,VenueID,OrganizationID
Devolved empowering budgetary management,2024-07-29,63.81,5,44
Adaptive needs-based leverage,2024-05-08,87.52,13,30
Object-based systematic help-desk,2024-09-06,124.14,9,43
Self-enabling 4thgeneration project,2024-03-14,30.6,13,49
Implemented modular matrix,2024-07-15,161.42,7,5
Balanced impactful flexibility,2024-09-23,164.69,17,49
Multi-tiered attitude-oriented approach,2024-08-23,99.87,13,39
Enhanced uniform superstructure,2024-02-29,62.88,16,1
Multi-channeled tertiary instruction set,2024-03-24,163.72,16,41
Programmable 3rdgeneration concept,2024-01-07,130.83,16,21
Automated coherent migration,2024-07-24,52.31,12,41
Total next generation challenge,2024-08-09,150.76,2,5
Distributed impactful moderator,2024-04-12,147.32,10,37
Seamless intangible emulation,2024-03-19,30.91,19,14
Enhanced heuristic contingency,2024-05-19,143.94,1,5
Ergonomic executive algorithm,2024-04-05,59.3,9,42
Expanded system-worthy paradigm,2024-05-24,65.18,19,46
Reverse-engineered zero tolerance conglomeration,2024-06-22,61.26,2,46
Stand-alone bandwidth-monitored secured line,2024-02-28,50.11,5,17
Cross-group empowering emulation,2024-01-24,48.42,3,7
Customizable exuding functionalities,2024-07-08,21.66,11,11
Mandatory actuating algorithm,2024-03-07,44.25,13,36
Centralized radical open system,2024-03-05,41.39,10,27
Operative 6thgeneration encoding,2024-04-20,39.75,19,24
Managed reciprocal policy,2024-02-20,101.98,9,3
De-engineered web-enabled implementation,2024-09-19,67.78,18,44
Streamlined fresh-thinking conglomeration,2024-08-26,181.08,9,9
Automated coherent system engine,2024-09-05,98.55,18,12
Switchable executive budgetary management,2024-03-03,155.25,10,17
Multi-channeled background paradigm,2024-07-18,167.42,11,46
Open-source neutral complexity,2024-09-08,177.44,15,46
Team-oriented demand-driven monitoring,2024-09-23,177.06,6,36
Phased bottom-line knowledgebase,2024-04-21,84.98,2,9
Diverse methodical collaboration,2024-06-23,174.84,19,1
Programmable methodical circuit,2024-05-03,183.42,15,30
Future-proofed radical success,2024-07-14,91.51,3,23
Organized multi-tasking hub,2024-05-10,109.05,10,17
De-engineered static open system,2024-04-24,67.12,3,18
Progressive exuding instruction set,2024-06-01,65.1,2,27
Distributed multimedia monitoring,2024-05-22,107.1,4,5
Visionary holistic customer loyalty,2024-06-23,154.19,4,34
User-centric stable middleware,2024-08-09,179.44,10,27
Public-key grid-enabled workforce,2024-06-16,166.56,1,44
Automated dynamic capability,2024-06-08,166.04,16,31
Decentralized bi-directional workforce,2024-02-12,45.26,20,18
Self-enabling explicit structure,2024-07-09,79.23,16,26
Decentralized encompassing flexibility,2024-01-31,126.67,12,2
Expanded 6thgeneration Internet solution,2024-07-13,38.32,9,12
Public-key multi-state help-desk,2024-08-12,124.85,1,25
Cross-group bottom-line framework,2024-07-12,71.85,1,34
